-- phpMyAdmin SQL Dump
-- version 4.0.4.1
-- http://www.phpmyadmin.net
--
-- Host: 127.0.0.1
-- Generation Time: Aug 28, 2014 at 09:01 AM
-- Server version: 5.6.11
-- PHP Version: 5.5.3

SET SQL_MODE = "NO_AUTO_VALUE_ON_ZERO";
SET time_zone = "+00:00";


/*!40101 SET @OLD_CHARACTER_SET_CLIENT=@@CHARACTER_SET_CLIENT */;
/*!40101 SET @OLD_CHARACTER_SET_RESULTS=@@CHARACTER_SET_RESULTS */;
/*!40101 SET @OLD_COLLATION_CONNECTION=@@COLLATION_CONNECTION */;
/*!40101 SET NAMES utf8 */;

--
-- Database: `cms_wapres_galeri`
--
CREATE DATABASE IF NOT EXISTS `cms_wapres_galeri` DEFAULT CHARACTER SET latin1 COLLATE latin1_swedish_ci;
USE `cms_wapres_galeri`;

-- --------------------------------------------------------

--
-- Table structure for table `level`
--

CREATE TABLE IF NOT EXISTS `level` (
  `id_level` int(11) NOT NULL AUTO_INCREMENT,
  `nama_level` varchar(30) COLLATE latin1_general_ci NOT NULL DEFAULT '',
  PRIMARY KEY (`id_level`)
) ENGINE=MyISAM  DEFAULT CHARSET=latin1 COLLATE=latin1_general_ci AUTO_INCREMENT=6 ;

--
-- Dumping data for table `level`
--

INSERT INTO `level` (`id_level`, `nama_level`) VALUES
(1, 'admin'),
(2, 'user custom'),
(3, 'user'),
(4, 'fotografer');

-- --------------------------------------------------------

--
-- Table structure for table `log`
--

CREATE TABLE IF NOT EXISTS `log` (
  `id_log` int(4) NOT NULL AUTO_INCREMENT,
  `user_id` varchar(4) NOT NULL,
  `ip` varchar(100) NOT NULL,
  `folder` text NOT NULL,
  `nama_file` text NOT NULL,
  `waktu` datetime NOT NULL DEFAULT '0000-00-00 00:00:00',
  `keterangan` enum('upload','download','delete','sync') NOT NULL,
  PRIMARY KEY (`id_log`)
) ENGINE=InnoDB DEFAULT CHARSET=latin1 AUTO_INCREMENT=1 ;

-- --------------------------------------------------------

--
-- Table structure for table `log_login`
--

CREATE TABLE IF NOT EXISTS `log_login` (
  `id_log_login` int(4) NOT NULL AUTO_INCREMENT,
  `user_id` varchar(4) NOT NULL,
  `ip` varchar(100) NOT NULL,
  `waktu` datetime NOT NULL,
  `keterangan` enum('login','logout') NOT NULL,
  PRIMARY KEY (`id_log_login`)
) ENGINE=InnoDB  DEFAULT CHARSET=latin1 AUTO_INCREMENT=336 ;

--
-- Dumping data for table `log_login`
--

INSERT INTO `log_login` (`id_log_login`, `user_id`, `ip`, `waktu`, `keterangan`) VALUES
(2, '82', '::1', '2014-07-10 08:49:33', 'login'),
(3, '82', '::1', '2014-07-10 08:50:04', 'login'),
(4, '82', '::1', '2014-07-10 08:50:52', 'logout'),
(5, '82', '::1', '2014-07-10 08:52:52', 'login'),
(6, '82', '::1', '2014-07-10 10:06:08', 'logout'),
(7, '98', '::1', '2014-07-10 10:06:13', 'login'),
(8, '98', '::1', '2014-07-10 10:06:32', 'logout'),
(9, '82', '::1', '2014-07-10 10:06:37', 'login'),
(10, '82', '::1', '2014-07-10 12:01:46', 'login'),
(11, '82', '::1', '2014-07-14 03:42:41', 'login'),
(12, '82', '::1', '2014-07-15 09:32:26', 'login'),
(13, '82', '::1', '2014-07-15 01:32:41', 'login'),
(14, '82', '::1', '2014-07-16 04:23:51', 'login'),
(15, '82', '::1', '2014-07-16 05:01:19', 'login'),
(16, '82', '::1', '2014-07-16 08:12:31', 'login'),
(17, '82', '::1', '2014-07-17 01:59:37', 'login'),
(18, '82', '::1', '2014-07-17 02:02:07', 'logout'),
(19, '98', '::1', '2014-07-17 02:02:12', 'login'),
(20, '98', '::1', '2014-07-17 02:15:34', 'logout'),
(21, '98', '::1', '2014-07-17 02:15:39', 'login'),
(22, '98', '::1', '2014-07-17 02:15:44', 'logout'),
(23, '82', '::1', '2014-07-17 02:15:50', 'login'),
(24, '82', '::1', '2014-07-17 06:12:39', 'login'),
(25, '82', '127.0.0.1', '2014-07-17 10:50:38', 'login'),
(26, '82', '127.0.0.1', '2014-07-17 11:52:59', 'logout'),
(27, '', '127.0.0.1', '2014-07-17 11:53:03', 'logout'),
(28, '82', '127.0.0.1', '2014-07-17 12:31:00', 'login'),
(29, '82', '::1', '2014-07-18 07:00:53', 'login'),
(30, '82', '::1', '2014-07-18 07:02:06', 'logout'),
(31, '116', '::1', '2014-07-18 07:52:13', 'login'),
(32, '116', '::1', '2014-07-18 07:53:01', 'logout'),
(33, '116', '::1', '2014-07-18 07:53:22', 'login'),
(34, '116', '::1', '2014-07-18 07:56:15', 'logout'),
(35, '117', '::1', '2014-07-18 07:58:18', 'login'),
(36, '117', '::1', '2014-07-18 08:01:08', 'logout'),
(37, '82', '::1', '2014-07-19 09:52:39', 'login'),
(38, '82', '::1', '2014-07-19 09:55:49', 'logout'),
(39, '82', '::1', '2014-07-20 08:45:07', 'login'),
(40, '82', '::1', '2014-07-21 01:07:03', 'login'),
(41, '82', '::1', '2014-07-21 01:49:27', 'login'),
(42, '82', '::1', '2014-07-21 07:10:30', 'login'),
(43, '82', '::1', '2014-07-21 07:10:36', 'logout'),
(44, '98', '::1', '2014-07-21 07:10:42', 'login'),
(45, '98', '::1', '2014-07-21 07:24:31', 'logout'),
(46, '82', '::1', '2014-07-21 07:24:36', 'login'),
(47, '82', '::1', '2014-07-21 07:24:53', 'logout'),
(48, '98', '::1', '2014-07-21 08:05:33', 'login'),
(49, '98', '::1', '2014-07-21 08:06:47', 'logout'),
(50, '82', '::1', '2014-07-21 08:06:53', 'login'),
(51, '82', '::1', '2014-07-21 08:07:04', 'logout'),
(52, '', '::1', '2014-07-21 08:07:48', 'login'),
(53, '82', '::1', '2014-07-21 08:09:19', 'login'),
(54, '82', '::1', '2014-07-21 08:11:50', 'logout'),
(55, '', '::1', '2014-07-21 08:11:59', 'login'),
(56, '82', '::1', '2014-07-21 08:12:06', 'login'),
(57, '82', '::1', '2014-07-21 08:12:10', 'logout'),
(58, '82', '::1', '2014-07-21 08:12:16', 'login'),
(59, '82', '::1', '2014-07-21 08:12:21', 'logout'),
(60, '82', '::1', '2014-07-21 08:12:38', 'login'),
(61, '82', '::1', '2014-07-21 08:15:19', 'logout'),
(62, '117', '::1', '2014-07-21 08:15:27', 'login'),
(63, '117', '::1', '2014-07-21 08:26:53', 'logout'),
(64, '82', '::1', '2014-07-21 08:27:00', 'login'),
(65, '82', '::1', '2014-07-21 08:30:11', 'logout'),
(66, '82', '::1', '2014-07-21 08:35:48', 'login'),
(67, '82', '::1', '2014-07-21 09:03:32', 'logout'),
(68, '117', '::1', '2014-07-21 09:03:48', 'login'),
(69, '117', '::1', '2014-07-21 09:27:47', 'logout'),
(70, '129', '::1', '2014-07-21 09:28:00', 'login'),
(71, '129', '::1', '2014-07-21 09:28:38', 'logout'),
(72, '82', '::1', '2014-07-21 09:28:57', 'login'),
(73, '82', '::1', '2014-07-21 09:29:04', 'logout'),
(74, '129', '::1', '2014-07-21 09:29:23', 'login'),
(75, '129', '::1', '2014-07-21 09:34:01', 'logout'),
(76, '82', '::1', '2014-07-21 09:34:22', 'login'),
(77, '82', '::1', '2014-07-21 09:40:43', 'logout'),
(78, '129', '::1', '2014-07-21 09:41:13', 'login'),
(79, '129', '::1', '2014-07-21 09:43:07', 'logout'),
(80, '129', '::1', '2014-07-21 09:43:26', 'login'),
(81, '129', '::1', '2014-07-21 09:47:20', 'logout'),
(82, '129', '::1', '2014-07-21 09:47:50', 'login'),
(83, '129', '::1', '2014-07-21 09:50:42', 'logout'),
(84, '82', '::1', '2014-07-21 09:54:35', 'login'),
(85, '82', '::1', '2014-07-21 09:55:21', 'logout'),
(86, '82', '::1', '2014-07-21 10:01:48', 'login'),
(87, '82', '::1', '2014-07-21 10:02:56', 'logout'),
(88, '129', '::1', '2014-07-21 10:03:23', 'login'),
(89, '129', '::1', '2014-07-21 10:03:30', 'logout'),
(90, '82', '::1', '2014-07-21 10:04:00', 'login'),
(91, '82', '::1', '2014-07-21 10:10:49', 'logout'),
(92, '129', '::1', '2014-07-21 10:13:35', 'login'),
(93, '129', '::1', '2014-07-21 10:14:23', 'logout'),
(94, '129', '::1', '2014-07-21 10:14:36', 'login'),
(95, '129', '::1', '2014-07-21 10:15:14', 'logout'),
(96, '82', '::1', '2014-07-21 10:25:50', 'login'),
(97, '82', '::1', '2014-07-21 10:26:38', 'logout'),
(98, '130', '::1', '2014-07-21 10:26:57', 'login'),
(99, '130', '::1', '2014-07-21 10:27:33', 'logout'),
(100, '82', '::1', '2014-07-21 10:43:47', 'login'),
(101, '82', '::1', '2014-07-21 10:44:41', 'logout'),
(102, '82', '::1', '2014-07-21 01:59:23', 'login'),
(103, '82', '::1', '2014-07-21 09:24:38', 'login'),
(104, '82', '::1', '2014-07-21 10:46:04', 'logout'),
(105, '82', '::1', '2014-07-21 11:20:19', 'login'),
(106, '82', '::1', '2014-07-21 11:21:06', 'logout'),
(107, '117', '::1', '2014-07-21 11:26:53', 'login'),
(108, '117', '::1', '2014-07-22 12:10:55', 'logout'),
(109, '82', '::1', '2014-07-22 12:11:00', 'login'),
(110, '82', '::1', '2014-07-22 12:26:15', 'logout'),
(111, '129', '::1', '2014-07-22 12:26:23', 'login'),
(112, '129', '::1', '2014-07-22 12:27:09', 'logout'),
(113, '82', '::1', '2014-07-22 12:27:16', 'login'),
(114, '82', '::1', '2014-07-22 12:32:46', 'logout'),
(115, '129', '::1', '2014-07-22 12:32:52', 'login'),
(116, '129', '::1', '2014-07-22 12:55:12', 'logout'),
(117, '82', '::1', '2014-07-22 12:55:19', 'login'),
(118, '82', '::1', '2014-07-22 12:55:52', 'logout'),
(119, '129', '::1', '2014-07-22 12:55:59', 'login'),
(120, '129', '::1', '2014-07-22 01:00:57', 'logout'),
(121, '117', '::1', '2014-07-22 01:01:03', 'login'),
(122, '117', '::1', '2014-07-22 01:02:17', 'logout'),
(123, '82', '::1', '2014-07-22 01:02:23', 'login'),
(124, '82', '::1', '2014-07-22 01:02:33', 'logout'),
(125, '130', '::1', '2014-07-22 01:02:39', 'login'),
(126, '130', '::1', '2014-07-22 01:03:06', 'logout'),
(127, '129', '::1', '2014-07-22 01:03:19', 'login'),
(128, '129', '::1', '2014-07-22 01:15:56', 'logout'),
(129, '117', '::1', '2014-07-22 01:16:01', 'login'),
(130, '117', '::1', '2014-07-22 01:46:52', 'logout'),
(131, '82', '::1', '2014-07-22 01:47:05', 'login'),
(132, '82', '::1', '2014-07-22 01:53:32', 'logout'),
(133, '129', '::1', '2014-07-22 01:53:38', 'login'),
(134, '129', '::1', '2014-07-22 01:58:45', 'logout'),
(135, '82', '::1', '2014-07-22 01:58:51', 'login'),
(136, '82', '::1', '2014-07-22 01:59:35', 'logout'),
(137, '129', '::1', '2014-07-22 01:59:41', 'login'),
(138, '129', '::1', '2014-07-22 02:15:59', 'logout'),
(139, '82', '::1', '2014-07-22 02:16:05', 'login'),
(140, '82', '::1', '2014-07-22 02:19:47', 'logout'),
(141, '129', '::1', '2014-07-22 02:19:54', 'login'),
(142, '129', '::1', '2014-07-22 02:33:50', 'logout'),
(143, '82', '::1', '2014-07-22 02:33:58', 'login'),
(144, '82', '::1', '2014-07-22 03:14:15', 'logout'),
(145, '129', '::1', '2014-07-22 03:14:23', 'login'),
(146, '129', '::1', '2014-07-22 03:23:03', 'logout'),
(147, '129', '::1', '2014-07-22 03:23:09', 'login'),
(148, '129', '::1', '2014-07-22 03:28:09', 'logout'),
(149, '82', '::1', '2014-07-22 03:28:21', 'login'),
(150, '82', '::1', '2014-07-22 03:43:42', 'logout'),
(151, '82', '::1', '2014-07-22 04:21:30', 'login'),
(152, '82', '::1', '2014-07-22 04:27:03', 'logout'),
(153, '129', '::1', '2014-07-22 04:27:22', 'login'),
(154, '129', '::1', '2014-07-22 04:31:56', 'logout'),
(155, '82', '::1', '2014-07-22 04:35:03', 'login'),
(156, '82', '::1', '2014-07-22 04:36:55', 'logout'),
(157, '129', '::1', '2014-07-22 04:37:02', 'login'),
(158, '129', '::1', '2014-07-22 06:29:26', 'logout'),
(159, '82', '::1', '2014-07-22 06:29:43', 'login'),
(160, '82', '::1', '2014-07-22 06:33:36', 'logout'),
(161, '82', '::1', '2014-07-22 06:35:25', 'login'),
(162, '82', '::1', '2014-07-22 06:36:55', 'logout'),
(163, '129', '::1', '2014-07-22 10:46:37', 'login'),
(164, '129', '::1', '2014-07-22 10:48:02', 'logout'),
(165, '82', '::1', '2014-07-24 10:37:08', 'login'),
(166, '82', '::1', '2014-07-24 11:24:25', 'logout'),
(167, '129', '::1', '2014-07-24 11:24:32', 'login'),
(168, '129', '::1', '2014-07-24 11:57:42', 'logout'),
(169, '130', '::1', '2014-07-24 11:57:49', 'login'),
(170, '130', '::1', '2014-07-24 11:58:51', 'logout'),
(171, '82', '::1', '2014-07-24 11:59:01', 'login'),
(172, '82', '::1', '2014-07-25 12:24:24', 'logout'),
(173, '82', '::1', '2014-08-09 09:39:30', 'login'),
(174, '82', '::1', '2014-08-09 12:29:11', 'login'),
(175, '82', '::1', '2014-08-12 12:33:30', 'login'),
(176, '82', '::1', '2014-08-14 04:38:09', 'login'),
(177, '82', '::1', '2014-08-14 06:12:00', 'logout'),
(178, '129', '::1', '2014-08-14 06:12:07', 'login'),
(179, '129', '::1', '2014-08-14 06:13:39', 'logout'),
(180, '130', '::1', '2014-08-14 06:13:46', 'login'),
(181, '130', '::1', '2014-08-14 07:19:11', 'logout'),
(182, '129', '::1', '2014-08-14 07:19:47', 'login'),
(183, '129', '::1', '2014-08-14 08:16:20', 'logout'),
(184, '82', '::1', '2014-08-14 08:16:27', 'login'),
(185, '82', '::1', '2014-08-14 10:46:10', 'login'),
(186, '82', '::1', '2014-08-14 10:54:52', 'logout'),
(187, '82', '::1', '2014-08-14 11:28:48', 'login'),
(188, '82', '::1', '2014-08-14 12:57:14', 'logout'),
(189, '82', '::1', '2014-08-14 12:59:02', 'login'),
(190, '82', '::1', '2014-08-14 01:25:34', 'logout'),
(191, '129', '::1', '2014-08-14 01:25:41', 'login'),
(192, '129', '::1', '2014-08-14 09:44:28', 'login'),
(193, '129', '::1', '2014-08-14 10:21:31', 'logout'),
(194, '143', '::1', '2014-08-14 10:25:11', 'login'),
(195, '143', '::1', '2014-08-14 10:32:53', 'logout'),
(196, '130', '::1', '2014-08-14 10:33:01', 'login'),
(197, '130', '::1', '2014-08-14 10:35:21', 'logout'),
(198, '82', '::1', '2014-08-14 10:35:30', 'login'),
(199, '82', '::1', '2014-08-14 10:46:11', 'logout'),
(200, '129', '::1', '2014-08-14 10:46:38', 'login'),
(201, '129', '::1', '2014-08-14 10:47:01', 'logout'),
(202, '82', '::1', '2014-08-14 10:47:07', 'login'),
(203, '82', '::1', '2014-08-14 10:48:00', 'logout'),
(204, '82', '::1', '2014-08-14 10:48:20', 'login'),
(205, '82', '::1', '2014-08-14 10:48:44', 'logout'),
(206, '145', '::1', '2014-08-14 10:48:58', 'login'),
(207, '145', '::1', '2014-08-14 10:49:04', 'logout'),
(208, '82', '::1', '2014-08-14 10:49:41', 'login'),
(209, '82', '::1', '2014-08-15 04:20:09', 'login'),
(210, '82', '::1', '2014-08-16 03:31:42', 'login'),
(211, '82', '::1', '2014-08-16 03:32:29', 'logout'),
(212, '82', '::1', '2014-08-16 04:26:25', 'login'),
(213, '82', '::1', '2014-08-19 01:34:33', 'login'),
(214, '82', '::1', '2014-08-19 04:47:55', 'logout'),
(215, '', '::1', '2014-08-19 04:49:00', 'logout'),
(216, '82', '::1', '2014-08-19 06:06:23', 'login'),
(217, '82', '::1', '2014-08-19 06:09:14', 'logout'),
(218, '82', '::1', '2014-08-19 06:09:59', 'login'),
(219, '82', '::1', '2014-08-19 06:10:51', 'logout'),
(220, '82', '::1', '2014-08-19 06:12:03', 'login'),
(221, '82', '::1', '2014-08-19 06:12:10', 'logout'),
(222, '82', '::1', '2014-08-19 06:12:28', 'login'),
(223, '82', '::1', '2014-08-19 06:12:34', 'logout'),
(224, '82', '::1', '2014-08-19 06:12:50', 'login'),
(225, '82', '::1', '2014-08-19 06:12:55', 'logout'),
(226, '82', '::1', '2014-08-19 06:59:53', 'login'),
(227, '82', '::1', '2014-08-19 07:10:16', 'logout'),
(228, '82', '::1', '2014-08-19 07:10:41', 'login'),
(229, '82', '::1', '2014-08-19 02:13:36', 'login'),
(230, '82', '::1', '2014-08-19 10:45:55', 'login'),
(231, '82', '::1', '2014-08-20 12:12:03', 'logout'),
(232, '82', '::1', '2014-08-20 12:12:21', 'login'),
(233, '82', '::1', '2014-08-20 12:12:51', 'login'),
(234, '82', '::1', '2014-08-20 01:41:12', 'logout'),
(235, '82', '::1', '2014-08-20 01:41:46', 'login'),
(236, '82', '::1', '2014-08-20 03:20:12', 'login'),
(237, '82', '::1', '2014-08-20 06:00:42', 'logout'),
(238, '129', '::1', '2014-08-20 06:00:49', 'login'),
(239, '129', '::1', '2014-08-20 06:01:01', 'logout'),
(240, '82', '::1', '2014-08-20 06:01:09', 'login'),
(241, '82', '::1', '2014-08-20 04:02:36', 'login'),
(242, '82', '::1', '2014-08-20 04:45:48', 'logout'),
(243, '129', '::1', '2014-08-20 04:45:55', 'login'),
(244, '129', '::1', '2014-08-20 04:51:24', 'logout'),
(245, '82', '::1', '2014-08-20 04:51:34', 'login'),
(246, '82', '::1', '2014-08-20 04:53:04', 'logout'),
(247, '129', '::1', '2014-08-20 04:53:11', 'login'),
(248, '82', '::1', '2014-08-20 04:55:43', 'login'),
(249, '82', '::1', '2014-08-20 04:55:55', 'logout'),
(250, '129', '::1', '2014-08-20 04:56:08', 'login'),
(251, '129', '::1', '2014-08-20 04:57:59', 'logout'),
(252, '82', '::1', '2014-08-20 10:26:25', 'login'),
(253, '82', '::1', '2014-08-20 10:53:33', 'logout'),
(254, '129', '::1', '2014-08-20 10:53:42', 'login'),
(255, '129', '::1', '2014-08-20 11:17:10', 'logout'),
(256, '82', '::1', '2014-08-20 11:17:17', 'login'),
(257, '82', '::1', '2014-08-20 11:17:52', 'logout'),
(258, '129', '::1', '2014-08-20 11:17:58', 'login'),
(259, '129', '::1', '2014-08-20 11:36:25', 'logout'),
(260, '82', '::1', '2014-08-20 11:36:34', 'login'),
(261, '82', '::1', '2014-08-20 11:36:48', 'logout'),
(262, '82', '::1', '2014-08-20 11:36:53', 'login'),
(263, '82', '::1', '2014-08-20 11:38:16', 'logout'),
(264, '129', '::1', '2014-08-20 11:38:23', 'login'),
(265, '129', '::1', '2014-08-21 12:35:49', 'logout'),
(266, '82', '::1', '2014-08-21 12:39:13', 'login'),
(267, '82', '::1', '2014-08-21 12:39:53', 'logout'),
(268, '82', '::1', '2014-08-21 12:40:05', 'login'),
(269, '82', '::1', '2014-08-21 12:40:19', 'logout'),
(270, '158', '::1', '2014-08-21 12:40:25', 'login'),
(271, '158', '::1', '2014-08-21 12:40:47', 'logout'),
(272, '129', '::1', '2014-08-21 12:40:55', 'login'),
(273, '129', '::1', '2014-08-21 01:00:47', 'logout'),
(274, '82', '::1', '2014-08-21 01:00:52', 'login'),
(275, '82', '::1', '2014-08-21 01:07:46', 'logout'),
(276, '129', '::1', '2014-08-21 01:07:53', 'login'),
(277, '129', '::1', '2014-08-21 01:20:35', 'logout'),
(278, '82', '::1', '2014-08-21 01:34:01', 'login'),
(279, '82', '::1', '2014-08-21 01:34:38', 'logout'),
(280, '159', '::1', '2014-08-21 01:34:46', 'login'),
(281, '159', '::1', '2014-08-21 01:38:27', 'logout'),
(282, '82', '::1', '2014-08-21 01:38:34', 'login'),
(283, '82', '::1', '2014-08-21 01:38:48', 'logout'),
(284, '82', '::1', '2014-08-21 03:41:52', 'login'),
(285, '82', '::1', '2014-08-21 07:32:06', 'logout'),
(286, '129', '::1', '2014-08-21 07:35:28', 'login'),
(287, '129', '::1', '2014-08-21 08:07:40', 'logout'),
(288, '82', '::1', '2014-08-21 08:07:46', 'login'),
(289, '82', '::1', '2014-08-21 08:08:16', 'logout'),
(290, '129', '::1', '2014-08-21 08:08:24', 'login'),
(291, '129', '::1', '2014-08-21 08:17:22', 'logout'),
(292, '82', '::1', '2014-08-21 08:17:29', 'login'),
(293, '82', '::1', '2014-08-21 08:50:00', 'logout'),
(294, '82', '::1', '2014-08-21 08:53:38', 'login'),
(295, '82', '::1', '2014-08-21 08:54:11', 'logout'),
(296, '82', '::1', '2014-08-21 08:54:26', 'login'),
(297, '82', '::1', '2014-08-21 08:54:41', 'logout'),
(298, '82', '::1', '2014-08-21 08:55:53', 'login'),
(299, '82', '::1', '2014-08-21 11:46:36', 'logout'),
(300, '82', '::1', '2014-08-22 01:05:17', 'login'),
(301, '82', '::1', '2014-08-22 03:19:55', 'login'),
(302, '82', '::1', '2014-08-22 05:53:49', 'logout'),
(303, '82', '::1', '2014-08-22 05:54:00', 'login'),
(304, '82', '::1', '2014-08-22 05:54:26', 'logout'),
(305, '129', '::1', '2014-08-22 05:54:33', 'login'),
(306, '129', '::1', '2014-08-22 06:05:46', 'logout'),
(307, '82', '::1', '2014-08-22 06:06:07', 'login'),
(308, '82', '::1', '2014-08-23 11:03:34', 'login'),
(309, '82', '::1', '2014-08-23 11:48:47', 'logout'),
(310, '82', '::1', '2014-08-23 11:51:54', 'login'),
(311, '82', '::1', '2014-08-23 11:55:11', 'logout'),
(312, '82', '::1', '2014-08-23 11:55:52', 'login'),
(313, '82', '::1', '2014-08-23 11:56:16', 'logout'),
(314, '129', '::1', '2014-08-23 12:06:36', 'login'),
(315, '129', '::1', '2014-08-23 12:06:41', 'logout'),
(316, '82', '::1', '2014-08-23 04:07:22', 'login'),
(317, '82', '::1', '2014-08-24 11:14:20', 'login'),
(318, '82', '::1', '2014-08-24 11:15:17', 'logout'),
(319, '129', '::1', '2014-08-24 11:42:12', 'login'),
(320, '82', '::1', '2014-08-26 01:06:36', 'login'),
(321, '82', '::1', '2014-08-26 01:19:35', 'logout'),
(322, '82', '::1', '2014-08-27 06:48:23', 'login'),
(323, '82', '::1', '2014-08-27 06:49:05', 'logout'),
(324, '82', '::1', '2014-08-27 04:10:22', 'login'),
(325, '82', '::1', '2014-08-27 09:12:21', 'logout'),
(326, '82', '::1', '2014-08-27 04:12:26', 'login'),
(327, '82', '::1', '2014-08-27 09:16:01', 'logout'),
(328, '129', '::1', '2014-08-27 04:16:49', 'login'),
(329, '129', '::1', '2014-08-27 09:16:59', 'logout'),
(330, '82', '::1', '2014-08-27 04:19:38', 'login'),
(331, '82', '::1', '2014-08-27 09:20:04', 'logout'),
(332, '129', '::1', '2014-08-27 04:20:18', 'login'),
(333, '129', '::1', '2014-08-27 09:20:39', 'logout'),
(334, '82', '::1', '2014-08-27 04:20:44', 'login'),
(335, '82', '::1', '2014-08-27 10:19:35', 'logout');

-- --------------------------------------------------------

--
-- Table structure for table `manajemen_aplikasi`
--

CREATE TABLE IF NOT EXISTS `manajemen_aplikasi` (
  `id_aplikasi` int(4) NOT NULL AUTO_INCREMENT,
  `nama_client` varchar(50) NOT NULL,
  `ip` varchar(25) NOT NULL,
  `uuid` varchar(100) NOT NULL,
  `status` int(2) NOT NULL DEFAULT '0',
  PRIMARY KEY (`id_aplikasi`)
) ENGINE=InnoDB  DEFAULT CHARSET=latin1 AUTO_INCREMENT=6 ;

--
-- Dumping data for table `manajemen_aplikasi`
--

INSERT INTO `manajemen_aplikasi` (`id_aplikasi`, `nama_client`, `ip`, `uuid`, `status`) VALUES
(4, 'IBC', '202.134.201.291', 'f6830150-f85f-11e3-bb78-3230322e3133', 0),
(5, 'KOKO', '192.168.19.1', '7f83cad0-0dae-11e4-a334-3139322e3136', 1);

-- --------------------------------------------------------

--
-- Table structure for table `session`
--

CREATE TABLE IF NOT EXISTS `session` (
  `user_id` int(5) NOT NULL,
  `session` varchar(100) NOT NULL
) ENGINE=InnoDB DEFAULT CHARSET=latin1;

-- --------------------------------------------------------

--
-- Table structure for table `user`
--

CREATE TABLE IF NOT EXISTS `user` (
  `user_id` int(11) NOT NULL AUTO_INCREMENT,
  `waktu` datetime NOT NULL,
  `username` varchar(20) NOT NULL DEFAULT '',
  `nama` varchar(30) NOT NULL,
  `instansi` varchar(100) NOT NULL,
  `foto_ktp` text NOT NULL,
  `hp` varchar(30) NOT NULL,
  `email` varchar(30) NOT NULL,
  `password` varchar(100) NOT NULL DEFAULT '',
  `level` varchar(34) DEFAULT NULL,
  `max_download` int(5) DEFAULT NULL,
  `confirm` enum('yes','no') NOT NULL DEFAULT 'no',
  `id_key` varchar(100) NOT NULL,
  `cyrptedpass` varchar(100) NOT NULL,
  PRIMARY KEY (`user_id`),
  FULLTEXT KEY `level` (`level`)
) ENGINE=MyISAM  DEFAULT CHARSET=latin1 AUTO_INCREMENT=171 ;

--
-- Dumping data for table `user`
--

INSERT INTO `user` (`user_id`, `waktu`, `username`, `nama`, `instansi`, `foto_ktp`, `hp`, `email`, `password`, `level`, `max_download`, `confirm`, `id_key`, `cyrptedpass`) VALUES
(82, '2014-08-27 15:10:00', 'administrator', 'Administrator', 'Gunadarma', '', '08777123456', 'admin@wapresri.go.id', 'c4ca4238a0b923820dcc509a6f75849b', '1', -1, 'no', '', ''),
(157, '2014-08-21 00:00:00', 'ujionlinesaja', 'ujidddd', 'Gunadarmadd', '2014-08-20_ujionlinesaja_uji.jpg', '1dd', 'akhfauz.sisfodds@gmail.com', 'w44RmEV0jG2m2', '4', -1, 'yes', 'bb0d8bf7e807b634eed34d884fce16d5', ''),
(129, '2014-08-24 00:00:00', 'username', '22', 'binus222', '2014-08-20_username_22.jpg', '222', 'akak@sada2222.com', 'c4ca4238a0b923820dcc509a6f75849b', '2', 2, 'yes', '7b9e97d75f6048d37d4453270970870b', ''),
(158, '2014-08-23 00:00:00', 'username123', 'akhmad fauzi', 'Gunadarmaj', '2014-08-20_username123_akhmad fauzi.jpg', '1', 'akhfauz123@gmail.com', 'c4ca4238a0b923820dcc509a6f75849b', '3', 5, 'yes', 'd0d5fe25fa458a3bc5a7fd21567af036', ''),
(159, '2014-08-23 00:00:00', 'akhfauz', '1', 'Gunadarma', '2014-08-21_akhfauz_1.jpg', '1', 'akhfauz1234@gmail.com', 'c4ca4238a0b923820dcc509a6f75849b', '3', 5, 'yes', '80ffd7fd092574cfd9229fe6145987d5', ''),
(161, '2014-08-23 00:00:00', 'lulumawadah', 'lulu mawadah', 'Gunadarma', '', '1', 'luluchester@gmail.com', 'c4ca4238a0b923820dcc509a6f75849b', '3', 5, 'no', 'bda601d7e5df08b65a7ddd37545c2f32', ''),
(162, '2014-08-24 00:00:00', 'ujionline', '1', 'Gunadarma', '', '1', 'aaaakhfauz.sisfo@gmail.com', 'c4ca4238a0b923820dcc509a6f75849b', '3', 5, 'no', 'bb0d8bf7e807b634eed34d884fce16d5', ''),
(163, '2014-08-26 00:00:00', 'username112', 'username 11 2', 'Gunadarma', '', '087770933921', 'ssasdasaaaakhfauz.sisfo@gmail.', 'c4ca4238a0b923820dcc509a6f75849b', '3', 5, 'no', 'd0d5fe25fa458a3bc5a7fd21567af036', ''),
(164, '2014-08-26 00:00:00', 'username1123', 'username 11 23', 'Gunadarma', '', '1', 'asdakhfauz@gmail.com', 'c4ca4238a0b923820dcc509a6f75849b', '3', 5, 'no', 'd0d5fe25fa458a3bc5a7fd21567af036', ''),
(165, '2014-08-26 00:00:00', 'usernameasdasda', 'nama', 'instansi', '', '087770933921', 'email@gmail.com', 'c4ca4238a0b923820dcc509a6f75849b', '3', 5, 'no', 'd0d5fe25fa458a3bc5a7fd21567af036', ''),
(166, '2014-08-26 00:00:00', 'username1123121', 'nama', 'instansi', '', '087770933921', '11email@gmail.com', 'c4ca4238a0b923820dcc509a6f75849b', '3', 5, 'no', 'd0d5fe25fa458a3bc5a7fd21567af036', ''),
(167, '2014-08-28 01:08:20', 'administratorasdasd', 'asdasd', 'asdasd', '', '111', 'akaka@cc.com', 'c4ca4238a0b923820dcc509a6f75849b', '3', 5, 'no', '49fd200ee2f7493bb73ef1282b4d3c0f', ''),
(168, '2014-08-28 01:08:24', 'akhfauz1', 'akhmad fauzi', 'Gunadarma', '', '0101010', 'akhfauz@gmail.com', 'c4ca4238a0b923820dcc509a6f75849b', '3', 5, 'no', 'ea36fab9ae4205667d85a84a87136415', ''),
(169, '2014-08-28 01:08:43', 'administrator11', 'aaa', '11', '', '11', 'akhfauzaa@gmail.com', 'c4ca4238a0b923820dcc509a6f75849b', '3', 5, 'no', '49fd200ee2f7493bb73ef1282b4d3c0f', ''),
(170, '2014-08-28 01:08:57', 'sadasdasda', 'administrator nih', '11', '', '11', 'aa@dfsada.com', 'c4ca4238a0b923820dcc509a6f75849b', '3', 5, 'no', 'fd33fd26a1237d132cca75dee0ab3720', '');

/*!40101 SET CHARACTER_SET_CLIENT=@OLD_CHARACTER_SET_CLIENT */;
/*!40101 SET CHARACTER_SET_RESULTS=@OLD_CHARACTER_SET_RESULTS */;
/*!40101 SET COLLATION_CONNECTION=@OLD_COLLATION_CONNECTION */;
